Name,Age,Food Supply (Days),Water per Day (Liters),First Aid Kits,Antibiotics,Painkillers,Weapons Available,Defensive Structures,Training Level,Radios Available,Access to Reliable Information,Support Groups Available,Entertainment Available
Sophia,43,13,4.150040328218717,4,10,21,21,5,2,15,No,Yes,Books
Emma,35,10,3.127284936298381,10,16,8,30,7,3,12,No,Yes,Games
Sophia,30,14,3.5291192937444658,4,13,23,76,8,3,11,Yes,No,Books
James,53,16,4.840360726746758,10,14,10,60,4,2,16,No,No,Games
Michael,27,3,4.845704025841812,4,15,31,89,0,2,14,Yes,Yes,Books
Michael,18,13,4.350490395060029,0,13,13,83,7,3,2,No,No,Books
Olivia,32,30,4.331494407457161,7,8,11,61,8,3,2,Yes,Yes,Games
Sophia,59,21,2.1868179343421406,2,12,14,35,1,5,17,No,No,Books
Jane,44,7,3.158957191821314,6,14,8,4,8,0,13,Yes,Yes,Books
Jane,22,26,2.4831796708765648,3,3,1,16,1,1,18,Yes,No,Games
Sophia,45,18,2.3887708192081902,4,8,32,27,3,4,9,No,Yes,Games
William,50,3,3.229664247528164,5,2,27,61,10,2,18,Yes,No,Books
William,40,15,4.355948021037799,0,7,3,39,1,5,20,No,Yes,Games
Sophia,18,13,1.8430005587857985,3,15,22,65,3,0,20,No,No,Books
Olivia,24,16,1.1880647582122266,8,1,6,59,8,3,3,Yes,No,Books
Sophia,53,9,1.4780444480677395,2,5,30,60,9,0,2,No,No,Books
Michael,46,26,3.6917907524539073,10,10,49,65,1,3,13,No,No,Books
Sophia,41,25,3.688326668617217,7,4,37,88,0,1,10,Yes,Yes,Games
John,55,18,1.9099342307530915,9,5,45,97,3,5,13,No,Yes,Games
Sophia,52,29,1.9255942478038461,7,1,34,100,6,0,5,No,No,Books
Olivia,49,14,1.1011386508426657,8,6,37,87,8,0,16,Yes,No,Books
Olivia,28,13,4.49121296157923,8,8,16,37,5,1,2,No,Yes,Games
Olivia,38,0,2.9049867308614066,0,14,34,20,8,0,4,Yes,Yes,Games
John,47,30,3.8621510851893164,0,16,12,41,7,5,7,Yes,Yes,Games
Sophia,25,3,4.712553625745315,9,16,16,50,1,3,11,Yes,Yes,Games
William,54,30,3.7425275907298348,8,7,46,55,8,2,0,No,No,Books
Olivia,49,2,4.913726213861096,10,12,38,85,8,2,18,Yes,Yes,Games
John,43,2,3.088859760332866,1,0,50,4,1,3,19,No,Yes,Games
Emma,55,12,1.1251544785975938,9,0,24,44,6,1,20,Yes,No,Games
Michael,27,0,1.1936050530044513,7,2,9,59,1,0,16,Yes,No,Games
William,48,8,2.7588095673292576,2,10,31,64,10,1,19,Yes,Yes,Games
Olivia,38,5,1.959160464057312,1,20,15,88,10,0,9,Yes,Yes,Games
John,36,8,1.1575120671967571,3,7,26,100,5,1,10,No,Yes,Books
Emma,43,4,3.7864152153529793,4,1,19,43,1,4,13,No,Yes,Books
James,58,3,1.601694762989423,1,3,42,92,0,0,2,No,Yes,Books
John,45,26,3.612556438918508,5,20,43,100,7,1,16,No,Yes,Books
Michael,22,15,2.002918244778672,3,2,14,88,2,0,2,No,Yes,Books
Emma,25,5,1.2824577045325167,4,8,2,34,1,4,15,No,Yes,Games
Sophia,43,15,4.714331513893045,4,15,32,14,2,0,4,No,No,Books
Michael,57,10,3.2042907247448533,0,3,4,56,4,2,13,Yes,No,Books
Jane,38,11,3.184374961604307,4,14,20,46,9,4,13,No,Yes,Books
William,44,28,3.724904952449316,9,4,25,36,9,0,18,Yes,Yes,Books
Olivia,44,23,3.87323599394851,3,1,39,49,5,0,7,No,No,Books
John,23,11,1.2976136595847207,4,7,11,68,9,0,12,No,Yes,Games
Michael,20,2,4.367094409144379,0,15,31,40,4,2,3,No,Yes,Games
Olivia,22,19,2.616616727962368,3,18,42,82,3,1,1,Yes,Yes,Books
Sophia,49,26,4.346617743390385,10,0,13,86,10,5,14,No,No,Games
Michael,40,22,3.8940170805538705,3,4,45,44,8,5,10,Yes,Yes,Games
Sophia,43,8,3.9810643234272924,6,5,34,68,0,3,20,Yes,Yes,Games
James,40,6,1.8196666436482438,5,0,38,65,8,1,10,No,Yes,Games
James,20,1,3.6383671545063354,9,15,10,96,4,4,4,No,No,Books
Michael,46,12,3.1567201034992127,8,0,40,74,1,3,0,No,No,Games
Michael,22,4,1.4213146366946772,8,5,48,54,10,3,0,Yes,No,Books
Olivia,50,6,4.201569422430871,1,9,30,87,2,3,3,Yes,Yes,Books
John,37,18,1.9920230731053246,6,17,8,2,2,2,13,Yes,Yes,Books
John,47,15,3.1979396877018686,1,4,38,1,6,4,15,Yes,Yes,Books
Michael,47,8,3.3649171082667086,8,18,37,18,9,1,2,Yes,Yes,Books
John,18,4,1.3133233321284092,4,5,30,88,10,3,3,No,Yes,Books
James,20,2,1.0612242704124726,5,19,37,13,6,3,19,No,No,Games
William,57,18,3.360496348691311,2,4,20,31,9,0,2,No,Yes,Books
John,53,3,1.6413775277533564,2,0,12,92,10,5,20,No,Yes,Books
William,59,20,4.152886940617947,10,9,36,53,5,1,17,Yes,Yes,Books
Olivia,24,23,1.0546007473323171,8,5,0,59,1,5,11,No,No,Games
James,48,14,4.2344729948439035,6,14,7,3,9,0,17,No,Yes,Games
Sophia,21,11,4.5081834567449715,5,1,35,79,6,2,15,Yes,Yes,Games
Olivia,32,29,4.670422599329189,0,13,16,27,6,0,16,No,Yes,Games
William,19,11,3.4479004358771794,2,10,44,66,5,1,19,No,No,Books
Michael,49,9,3.42243830185778,3,2,33,37,8,5,13,No,Yes,Books
James,18,29,4.226489428608378,2,9,14,60,3,5,5,No,No,Games
Sophia,22,3,3.644823433439441,10,5,6,12,4,0,18,No,No,Books
Jane,37,3,3.5545066372798626,10,3,8,54,0,0,11,Yes,No,Books
Jane,54,26,4.038116497231227,5,13,47,76,2,4,1,No,No,Games
John,59,17,3.3519794202757742,4,16,23,32,9,0,8,No,Yes,Games
Sophia,47,29,4.521040085515288,3,20,48,72,9,0,18,No,Yes,Books
Emma,35,0,2.346940490292125,8,15,50,47,5,0,17,No,Yes,Books
Michael,54,4,3.6073338156558585,5,4,41,94,10,1,4,Yes,Yes,Games
John,41,10,1.256036447642423,8,1,16,24,5,5,3,No,No,Games
Emma,48,11,3.5877837594817112,6,12,2,28,6,5,0,No,Yes,Games
Michael,36,12,1.6213567689791666,6,13,3,83,9,5,19,No,Yes,Games
William,44,24,3.498733501347038,4,14,34,35,2,0,6,Yes,No,Games
James,18,7,3.4736087085831713,6,17,16,53,5,0,17,No,No,Books
William,20,21,1.2067442644805437,4,6,47,73,9,4,5,No,No,Games
Michael,22,18,2.768500111119289,1,13,11,55,10,2,2,Yes,No,Books
Olivia,52,6,1.3733533855589184,2,2,49,51,1,0,3,Yes,No,Games
Jane,26,1,4.494567180587592,0,7,9,36,0,3,16,Yes,Yes,Books
James,29,27,3.286649083787655,9,6,7,31,4,2,19,No,No,Games
Olivia,49,21,4.217428536356631,7,9,20,50,3,5,0,Yes,Yes,Games
John,40,29,2.314438671525252,4,19,49,95,7,0,3,No,Yes,Books
Jane,24,14,4.543121625662472,6,5,13,92,1,4,17,Yes,Yes,Games
Sophia,38,14,2.0432830844802616,7,13,42,34,4,5,20,Yes,No,Books
Michael,55,23,1.5662505208639832,6,10,32,39,0,1,4,No,Yes,Books
Olivia,51,18,1.773753963819424,5,4,45,12,6,4,8,No,Yes,Games
William,36,26,3.8166055628963558,4,12,32,94,7,3,1,No,Yes,Games
Sophia,44,20,3.4604525464113776,7,15,30,4,9,4,0,Yes,Yes,Books
James,55,26,2.7325931345065917,10,15,14,85,10,2,9,Yes,Yes,Books
Sophia,44,7,4.355842975519433,1,19,18,74,1,3,0,Yes,No,Books
Olivia,40,15,1.889997968663991,2,17,34,65,1,5,8,Yes,Yes,Games
Sophia,39,21,1.9830459421427213,9,0,5,90,6,3,4,Yes,Yes,Books
Sophia,39,14,1.7172731903481844,6,2,16,12,2,2,19,No,No,Games
William,27,25,4.183590930286881,0,8,9,6,3,3,15,Yes,Yes,Books
John,45,9,1.9702480059513396,2,1,4,30,6,3,11,No,Yes,Books
Jane,20,21,2.7056149097529296,4,11,6,15,3,4,2,No,No,Books
Jane,57,18,2.817984730944236,10,15,14,46,5,3,19,Yes,Yes,Games
John,39,28,3.0115747015246197,8,15,23,17,1,5,0,Yes,No,Books
William,41,14,2.2215085171208186,4,1,47,83,9,5,14,Yes,No,Books
Sophia,58,29,1.2501914673067054,6,6,29,78,2,1,3,Yes,Yes,Games
Michael,36,22,3.097513306676264,9,20,28,9,6,4,13,Yes,No,Books
Jane,35,6,4.8335498356599285,8,14,32,1,4,1,4,Yes,No,Books
William,34,25,4.836857082766211,3,3,42,17,6,4,10,Yes,No,Books
Jane,39,7,4.626018581377471,7,4,11,37,0,2,12,No,Yes,Books
John,50,17,2.243473674869794,6,5,5,8,2,4,5,No,Yes,Books
John,49,3,4.995549624052906,0,4,32,36,2,3,20,Yes,Yes,Games
Jane,34,24,2.158303463016771,3,13,42,11,5,1,9,No,No,Books
Emma,57,0,3.13725522692064,2,1,38,14,0,1,1,No,Yes,Books
James,41,20,3.171246259315867,1,16,18,84,8,1,12,No,Yes,Books
William,21,1,3.9698220530540205,10,7,39,84,4,0,19,No,Yes,Games
Emma,57,27,3.6812634935586903,10,0,28,38,3,5,13,No,Yes,Games
Jane,48,23,3.7074816647965827,10,20,40,23,3,3,4,No,Yes,Books
Michael,43,17,2.1224049749248417,4,11,0,75,10,1,5,Yes,Yes,Games
Jane,43,18,3.952490213358725,7,2,5,77,9,1,0,No,No,Books
Sophia,43,16,3.2683825507744446,7,5,1,14,6,0,3,No,Yes,Games
Olivia,32,0,3.7072952582835397,9,4,6,86,0,1,3,No,No,Books
John,47,22,4.53653630536906,7,8,8,71,10,4,16,No,No,Games
Michael,42,27,3.347163463963492,3,10,12,8,8,4,1,No,No,Games
John,36,20,3.682057652525562,10,1,22,44,10,0,9,Yes,Yes,Games
Jane,27,15,4.642672321364863,8,11,10,8,0,3,1,Yes,Yes,Games
John,38,3,4.9101570324664925,10,3,19,65,1,2,9,No,Yes,Games
James,41,10,1.8893997090354633,8,10,38,35,9,5,17,Yes,Yes,Books
James,18,9,3.98805299805624,2,7,47,95,3,2,5,Yes,No,Books
Sophia,58,18,2.7082127418128428,6,7,5,84,0,1,15,No,Yes,Games
William,27,23,3.7959872241664145,1,17,47,20,6,3,13,Yes,Yes,Games
James,23,22,4.922417190754064,9,7,33,42,9,5,2,Yes,Yes,Games
William,48,29,4.526235901918987,7,8,43,30,3,1,17,Yes,No,Games
Jane,30,25,3.4597116272544537,0,1,10,67,9,4,13,Yes,No,Books
John,40,7,4.482144078936636,5,17,6,63,8,1,3,Yes,Yes,Books
Jane,42,12,2.773521832987731,7,2,14,17,2,5,0,No,Yes,Games
Michael,47,9,2.0436691612967133,3,14,1,43,0,4,9,No,No,Games
Michael,60,4,2.254072733774133,9,12,17,50,9,3,19,No,Yes,Games
Olivia,36,8,2.4687421362425077,3,17,50,18,6,1,19,Yes,No,Games
Michael,45,18,2.7662307664735075,1,3,49,39,5,2,20,No,Yes,Games
William,30,15,1.9967710272580526,0,3,3,57,6,2,15,Yes,No,Books
William,45,15,1.9344577587636373,4,20,37,8,5,2,0,Yes,Yes,Games
William,56,1,3.632498889989378,8,19,40,99,4,3,4,Yes,Yes,Games
William,34,8,3.8936253045956306,1,6,49,73,4,3,10,Yes,Yes,Books
William,36,30,4.389972687662716,8,17,16,22,3,2,6,No,No,Books
Jane,23,19,4.368517329303111,4,12,33,15,6,5,10,Yes,Yes,Games
Emma,22,20,4.014998150893161,7,1,29,16,1,4,20,Yes,No,Games
James,24,5,1.2822285244072478,3,9,43,2,1,5,9,No,Yes,Games
James,34,18,4.305208812055676,10,17,37,64,2,5,5,No,No,Games
John,30,8,4.309274108520411,7,4,44,6,3,0,9,Yes,Yes,Games
Jane,51,12,3.1161300082530445,1,0,0,48,9,4,19,No,No,Games
James,24,9,4.156533928867837,6,8,22,2,8,1,5,Yes,Yes,Games
John,28,9,3.1922740739142412,7,9,1,53,7,0,12,Yes,Yes,Books
Sophia,46,3,2.8803673738374727,3,8,38,51,7,3,8,No,No,Books
James,43,4,2.479384596338396,9,19,21,45,7,5,17,No,No,Games
Jane,60,27,3.1093949404275274,0,8,5,48,9,0,19,Yes,Yes,Books
Jane,21,20,2.7280618649138813,1,9,19,89,6,4,3,Yes,No,Games
James,33,9,4.27754024619783,10,16,18,40,8,1,14,Yes,Yes,Books
William,52,28,3.7984270055370426,8,5,13,56,9,1,17,Yes,Yes,Books
Michael,36,5,3.342983607792476,7,7,1,79,1,5,2,Yes,No,Games
James,55,19,2.7071448371416706,0,6,10,94,4,0,20,Yes,No,Games
Olivia,32,30,2.2853947983647243,9,7,26,15,3,0,9,No,No,Books
James,23,9,4.728897487862808,9,20,9,3,9,0,8,Yes,No,Books
Sophia,36,20,2.1944931370024245,4,19,4,15,3,3,14,No,Yes,Books
Michael,57,24,1.9994991752896731,9,1,13,42,5,5,2,No,Yes,Books
Olivia,38,26,3.959776198735896,10,5,0,59,7,4,9,Yes,Yes,Games
Sophia,35,17,4.416060901885313,6,9,15,96,6,2,1,Yes,Yes,Games
James,38,6,4.857844899878627,10,5,0,74,0,5,12,Yes,Yes,Games
James,45,23,3.2029531470122374,8,13,41,3,7,2,7,Yes,No,Games
Michael,59,28,2.4531555789368933,4,15,49,57,1,1,4,Yes,Yes,Books
John,23,13,4.2262032492515775,3,12,2,80,2,0,2,Yes,No,Games
Sophia,59,3,3.315182753687013,4,7,40,47,5,5,18,Yes,No,Games
Emma,59,7,4.299142546455073,3,15,20,38,2,5,2,Yes,Yes,Books
Sophia,29,10,3.14351287616684,1,5,42,9,2,2,5,No,Yes,Games
Jane,52,30,1.537454997731881,8,17,37,61,9,2,19,Yes,Yes,Games
Michael,29,22,4.580035119499186,7,0,45,36,3,5,16,Yes,No,Books
Sophia,51,2,1.297277920003992,8,8,16,66,7,2,13,Yes,Yes,Books
Sophia,53,12,3.5438539419158794,1,3,41,69,8,2,18,Yes,Yes,Games
William,41,2,1.6879877038015598,8,18,32,50,10,0,19,Yes,Yes,Books
John,26,25,3.889009710733986,1,16,6,22,6,2,12,No,No,Books
Jane,29,15,2.187717787044968,6,19,49,43,6,5,19,No,Yes,Games
Sophia,59,15,1.3863331266969046,9,1,1,25,0,5,19,No,No,Games
John,42,20,4.2193077028120936,6,9,45,83,0,0,16,No,Yes,Games
Jane,52,26,1.3039589174417139,2,4,33,3,4,0,5,Yes,Yes,Games
Sophia,40,22,3.897054070753123,6,6,6,72,7,2,20,No,No,Books
Olivia,32,10,1.4604942955107507,9,13,22,62,6,0,19,Yes,Yes,Books
John,49,3,2.319357738642858,5,7,36,84,0,3,1,No,Yes,Books
William,38,30,2.805082644135863,5,4,32,79,4,1,6,Yes,Yes,Games
John,18,24,3.0236985626023665,5,4,5,74,9,2,8,No,No,Games
Jane,24,6,4.84440220995638,9,10,46,14,4,3,0,Yes,No,Books
Sophia,47,24,1.7128209320913999,6,3,45,11,4,5,4,Yes,Yes,Games
John,21,13,3.103765342410339,9,4,30,15,6,3,3,No,Yes,Games
John,24,1,2.4382387953882794,2,0,8,32,10,0,3,No,No,Games
William,35,5,4.48760910813218,0,2,17,68,8,3,14,No,No,Games
Emma,41,6,3.8547174184510284,2,5,16,14,10,3,8,No,No,Games
Olivia,32,10,2.3215227076150216,6,8,30,59,4,5,2,No,Yes,Books
Jane,19,13,3.8954765280784045,0,1,32,81,0,1,2,No,No,Games
John,22,17,2.280945252095142,10,19,43,43,10,3,8,Yes,No,Games
John,52,21,1.9182119403158437,4,5,4,73,0,2,4,No,Yes,Books
Olivia,32,17,2.436677679153365,10,16,12,44,6,0,10,No,Yes,Books
John,38,27,4.602854149287404,0,9,43,9,9,1,17,No,Yes,Books
William,44,23,3.5611995331321697,0,3,47,37,9,0,20,No,No,Games
John,46,20,2.135701391121178,6,17,39,36,1,1,17,No,No,Games
Olivia,45,11,1.7003591071301938,10,11,6,11,6,1,2,Yes,No,Books
John,24,12,2.3500271550248186,9,20,8,63,7,3,5,Yes,No,Games
Sophia,32,18,1.448851671594051,1,13,5,33,0,3,16,Yes,Yes,Books
William,33,8,2.6621286973069602,5,2,45,31,8,2,15,No,No,Books
James,24,9,3.6712123729565698,6,18,17,0,3,5,14,Yes,Yes,Games
Jane,27,4,4.118416907184277,1,1,19,1,5,5,14,No,No,Games
James,59,14,4.472938598433579,3,14,18,67,6,4,15,Yes,No,Games
James,21,29,3.604883808828211,9,19,19,30,0,1,5,No,Yes,Books
William,58,30,2.302891947173449,8,11,8,1,4,0,18,No,No,Books
Emma,59,16,4.497412725676546,8,0,34,91,5,4,15,No,Yes,Games
Michael,21,10,4.526414821698232,0,15,1,80,2,1,11,No,No,Games
Jane,60,7,4.5791685759496445,6,16,1,95,9,3,12,No,No,Games
Olivia,25,23,1.4734274922816484,10,10,44,60,4,2,4,Yes,No,Games
John,44,10,2.1845993399709567,1,11,24,39,2,5,18,Yes,No,Books
Jane,31,27,4.749858241073046,10,17,13,12,5,3,3,No,Yes,Books
Jane,32,20,1.2933849228061645,10,2,5,37,3,2,15,Yes,Yes,Books
Olivia,55,11,4.457033861047448,2,9,11,12,9,4,3,Yes,No,Games
Olivia,39,14,1.520386526188898,4,4,20,19,9,2,13,No,Yes,Books
John,47,22,3.996492675431974,4,20,21,79,6,4,4,No,No,Games
Emma,60,22,1.7069276588204794,1,8,16,4,8,0,0,Yes,No,Games
William,25,7,2.07875994093407,2,9,16,93,4,2,11,Yes,No,Books
Sophia,32,2,2.9086975117253084,1,2,20,38,1,4,0,No,No,Games
William,19,5,4.1943594089597624,1,14,18,56,6,0,15,Yes,No,Games
Olivia,35,26,2.5779013375144983,3,1,16,99,8,1,10,Yes,No,Games
James,60,2,3.821799370903565,1,16,16,40,5,5,10,No,No,Games
William,28,18,3.2903732239536607,5,13,35,93,1,4,18,No,Yes,Books
Emma,57,19,1.4532537206234997,4,2,34,85,2,0,6,No,No,Books
William,60,3,2.1112235280763003,7,11,17,51,2,4,12,Yes,No,Games
Michael,46,22,1.7000275731218792,2,19,13,32,3,0,12,Yes,Yes,Games
William,26,2,2.447249865852141,5,12,5,60,3,2,10,No,Yes,Books
William,36,17,2.0020738482046503,0,2,20,24,0,4,11,No,No,Games
Sophia,34,21,4.740992176434631,1,10,43,70,4,0,3,Yes,No,Games
James,34,29,2.4984638763062823,4,17,21,42,4,4,15,Yes,Yes,Books
William,58,1,2.27601784305092,5,18,47,5,8,0,4,Yes,No,Games
Olivia,39,16,1.758247717215021,5,19,32,70,3,0,20,Yes,No,Books
Sophia,49,8,2.649793773525104,4,4,24,55,6,2,19,Yes,No,Games
James,38,26,1.3680734899305937,1,15,20,61,8,2,11,No,No,Books
John,57,8,4.185009473120754,2,0,16,73,6,3,13,No,No,Books
Emma,48,22,4.232913414977935,10,5,43,21,0,5,1,No,Yes,Books
James,50,30,2.2090831079471287,3,2,19,78,1,1,15,Yes,Yes,Books
James,43,5,3.3811627932002475,5,6,26,65,4,0,14,No,No,Books
Michael,23,30,4.731834188315033,0,4,33,55,10,3,19,No,No,Games
Sophia,53,6,4.158656618044377,6,6,31,96,8,4,5,Yes,No,Books
James,50,11,1.7166857978898151,5,17,5,27,3,4,19,No,Yes,Games
Olivia,52,22,1.447931312998632,9,2,35,78,2,2,16,Yes,No,Books
Michael,18,28,1.5672973833021029,4,12,23,49,2,2,12,Yes,No,Books
Sophia,36,23,3.9507412991490867,9,6,7,17,7,2,18,Yes,No,Games
William,30,28,4.583538453126043,3,1,9,18,6,5,14,No,No,Games
Sophia,49,19,4.582017676128851,2,17,47,77,3,1,13,No,Yes,Games
William,23,11,1.583956324683765,4,6,9,77,2,0,10,Yes,No,Books
William,20,1,3.3367922869589632,1,4,10,96,1,5,19,Yes,Yes,Games
Jane,32,6,1.4438362431619978,8,4,50,38,1,2,6,Yes,No,Books
Olivia,42,15,4.416220835027948,9,4,49,18,9,3,12,No,No,Games
James,34,20,3.0989156374234916,6,10,26,63,3,4,17,No,No,Books
John,31,23,1.268214536969091,8,19,28,50,0,3,10,No,Yes,Games
Jane,35,22,3.6883877688711,3,8,39,79,7,2,12,Yes,No,Books
James,28,25,1.8831688423381165,10,5,12,9,7,4,14,Yes,No,Books
Michael,31,10,3.489231185932784,6,13,46,95,9,3,9,No,Yes,Games
John,59,11,3.5013897624295556,5,16,20,57,6,2,19,No,No,Books
John,48,6,3.111504951475619,5,11,35,87,1,0,14,Yes,Yes,Games
Jane,33,26,2.762529353208649,7,7,13,53,0,2,18,Yes,Yes,Games
James,21,4,1.6567694586475041,7,17,3,35,8,0,4,No,No,Games
Olivia,38,21,3.245587778522131,5,16,21,75,1,0,2,Yes,Yes,Books
Sophia,21,8,3.756740626913096,4,20,14,81,1,1,17,Yes,No,Games
Sophia,35,12,2.0185841983931905,9,12,39,27,8,5,14,Yes,Yes,Books
John,44,19,1.9186990584235062,6,7,34,79,2,4,20,Yes,No,Games
James,29,0,3.909859039321465,1,9,22,56,9,5,14,Yes,No,Books
Sophia,47,17,2.068361683919422,10,12,23,69,6,5,4,No,Yes,Books
John,29,23,4.503267860512532,2,3,45,84,0,3,2,Yes,Yes,Games
John,39,3,1.630907916319444,8,15,49,68,8,0,7,Yes,No,Games
Emma,55,26,2.8932860618702927,7,13,18,66,7,3,2,Yes,No,Books
Michael,55,26,4.264712945874729,1,10,8,56,0,3,6,No,No,Books
Olivia,32,29,3.2688610376474805,10,2,6,68,9,2,1,No,Yes,Games
Emma,47,28,2.65902938122808,3,17,19,16,9,5,14,No,No,Books
Sophia,38,2,3.7075135257822747,2,10,0,48,4,0,20,No,Yes,Games
Michael,37,22,2.669275950133055,7,6,20,48,6,3,13,Yes,Yes,Games
Michael,23,9,2.9703575406254914,6,5,12,70,1,1,3,Yes,No,Games
Michael,30,24,4.920448448514444,1,8,34,18,1,4,11,No,No,Games
Sophia,32,15,2.702537876028147,6,12,34,86,3,5,5,Yes,No,Games
Michael,50,13,1.6840939127909276,1,3,44,15,6,0,5,No,Yes,Games
Emma,49,29,3.154514112782035,1,15,22,4,1,1,9,No,No,Books
Sophia,38,21,3.0924557575341747,7,14,9,9,6,4,7,No,No,Books
Olivia,31,9,2.710028189724546,10,19,0,84,2,0,5,Yes,Yes,Books
Sophia,23,0,2.523606864726691,4,6,7,61,9,4,19,Yes,Yes,Books
Sophia,39,26,3.208240742423618,4,7,10,76,3,3,8,Yes,No,Games
Olivia,19,26,4.876800198862302,10,3,47,62,10,2,2,No,Yes,Games
John,34,24,4.229123293883045,10,8,20,47,10,5,19,No,No,Games
William,25,6,3.8807473925808984,5,4,12,100,9,5,2,No,No,Games
James,32,0,3.73100196261003,2,0,7,60,1,0,2,No,Yes,Books
William,40,14,2.71951250010847,9,16,4,68,3,1,8,Yes,Yes,Games
Jane,21,30,2.688476558810528,3,12,36,79,0,2,15,Yes,Yes,Books
Emma,38,13,2.483599203085899,4,16,46,68,10,1,0,No,No,Games
Jane,57,8,1.6645693389716851,9,9,1,51,5,5,17,Yes,Yes,Games
John,34,4,3.0638756078055813,5,16,42,47,4,4,1,No,Yes,Games
Jane,34,11,3.4349117419790463,5,15,24,48,8,1,3,Yes,Yes,Games
Michael,31,23,2.1183764514149415,9,11,43,82,4,1,10,Yes,No,Books
Sophia,39,23,2.87092316009038,2,12,15,60,3,0,19,Yes,No,Books
James,44,29,1.1615536599003184,7,6,40,29,4,3,7,No,No,Books
Jane,51,16,2.039741790425771,1,7,36,0,2,0,9,No,Yes,Games
Sophia,43,24,3.1790589240327396,9,1,26,14,0,0,17,Yes,No,Books
Sophia,53,4,4.381546202501204,2,5,24,85,9,3,1,Yes,No,Games
Olivia,37,14,1.0336389549216158,6,6,27,46,1,5,11,No,No,Books
James,40,8,2.9321053998629667,7,17,49,61,3,1,16,No,Yes,Games
Emma,53,21,4.764347187714332,2,12,43,47,9,4,17,Yes,Yes,Books
Olivia,27,21,4.428231344866983,0,19,22,100,0,4,14,Yes,Yes,Games
William,51,18,1.241238642292712,2,2,39,25,1,5,3,No,Yes,Books
William,27,24,1.896531644006974,3,3,21,31,2,2,18,No,No,Books
Emma,18,1,3.3860334070669773,9,15,6,43,10,4,8,No,Yes,Games
Sophia,36,8,2.0332054160203037,2,15,7,52,7,1,15,No,Yes,Books
Michael,18,22,3.7111744130703617,5,10,27,12,8,0,18,Yes,No,Games
Michael,33,0,4.455943674686692,0,10,4,43,4,4,19,No,No,Games
Emma,54,15,1.9066278707827502,9,6,30,71,6,0,1,No,No,Books
William,30,27,2.0666643095226496,4,8,21,99,3,5,6,Yes,No,Games
Sophia,43,14,2.3742766571032248,9,17,48,84,3,5,1,No,No,Games
Michael,27,5,4.17557341989545,8,4,24,25,4,4,8,Yes,Yes,Books
Sophia,53,22,2.120488957305408,1,1,18,0,3,1,9,Yes,Yes,Books
Jane,60,18,4.457581818767585,4,4,0,30,2,4,19,No,No,Books
John,21,24,2.9923079526039547,4,16,28,62,8,5,11,No,Yes,Books
Emma,23,5,2.167105529690795,7,15,12,29,0,5,8,Yes,Yes,Games
Emma,29,22,3.2503097574386675,7,19,42,8,5,3,9,Yes,No,Books
John,49,8,2.7391988123768387,9,4,44,64,4,0,1,Yes,Yes,Books
Michael,45,28,2.975554016452451,8,6,23,71,5,5,11,No,Yes,Games
Jane,34,21,4.149623305587136,9,3,46,17,10,5,9,Yes,Yes,Books
Sophia,51,16,4.9695509368184005,7,15,30,94,0,2,18,No,Yes,Games
John,54,5,3.4053206652300276,1,8,27,71,9,3,4,Yes,Yes,Games
Jane,36,3,2.4568800313780557,2,18,6,55,9,5,2,Yes,Yes,Games
Emma,39,2,4.5485191213221885,1,12,46,17,1,5,12,No,Yes,Games
Jane,39,11,4.310886524219492,3,11,10,40,4,0,11,Yes,No,Games
John,56,2,3.754505047006654,5,7,11,66,1,4,0,No,No,Books
James,44,17,1.5691188615881346,4,11,46,25,10,3,3,Yes,No,Games
Michael,58,16,4.345110519812291,3,14,7,94,4,2,14,Yes,Yes,Games
William,44,5,1.4853160602543674,0,1,47,1,9,0,17,Yes,No,Games
James,55,10,2.739722543602497,5,1,40,34,3,0,0,No,Yes,Games
Michael,58,24,1.734568690046106,1,17,18,3,6,3,6,Yes,Yes,Games
James,22,4,4.410225982904424,5,0,41,79,5,1,11,No,No,Books
James,57,23,3.2113153088375688,6,19,6,7,9,4,19,Yes,No,Books
Michael,21,20,2.9196304558065367,7,7,23,26,3,5,13,No,Yes,Games
William,56,26,4.6487055438328975,10,19,8,54,8,3,20,No,No,Books
William,25,6,4.90735589652626,3,1,24,0,3,3,2,No,Yes,Games
Sophia,49,7,3.8595204594216597,8,5,1,68,9,4,6,No,No,Games
Olivia,18,2,4.9333620057801895,9,8,22,77,8,0,1,Yes,Yes,Games
William,57,21,4.927369936793658,9,16,27,69,10,1,14,No,Yes,Books
John,31,7,1.4330642718231426,9,20,16,29,2,5,5,No,Yes,Games
Sophia,30,0,3.352590646965923,6,15,30,18,2,1,10,No,No,Books
John,23,16,2.9322077141585563,4,19,30,83,8,3,20,Yes,Yes,Games
Sophia,47,24,3.2903141377179974,6,13,26,11,0,0,19,Yes,Yes,Books
Sophia,23,10,2.7659709688993472,4,6,50,54,3,1,6,No,Yes,Books
James,59,8,4.735103167548727,1,5,0,18,10,3,19,Yes,Yes,Games
Michael,58,16,4.839986642154795,9,4,32,4,3,5,7,No,Yes,Books
Sophia,25,20,1.2798031734436415,7,11,10,50,2,2,15,Yes,No,Books
Michael,22,20,2.7631019597009057,10,11,44,24,5,1,2,No,Yes,Games
William,40,26,4.122277546859013,4,12,19,23,1,3,7,No,No,Books
Olivia,22,7,2.8760538373901556,4,11,35,36,7,2,4,Yes,Yes,Games
John,54,24,2.9335019376675415,0,17,37,86,10,1,3,Yes,No,Books
James,18,28,3.72413008203591,9,14,29,89,10,4,0,No,Yes,Books
Michael,18,3,3.4791558166621397,6,9,41,37,9,2,12,Yes,Yes,Games
Olivia,59,12,4.119389316315971,5,18,33,56,6,1,16,Yes,Yes,Games
Michael,21,10,1.8088639136838185,4,13,48,52,5,2,3,No,Yes,Games
John,29,12,1.506434957438731,9,17,46,86,10,3,7,Yes,Yes,Games
Jane,41,29,1.9826061821633232,8,3,24,72,2,1,8,Yes,No,Games
Emma,27,2,1.359567060048644,10,0,43,54,1,2,19,Yes,No,Books
John,23,23,2.845928122780287,5,20,32,56,4,2,9,Yes,No,Games
William,30,4,2.1617541672034117,0,19,37,15,3,5,5,No,Yes,Books
Michael,34,21,2.386731651556311,7,5,14,14,2,2,17,Yes,Yes,Books
James,45,0,3.513861639755439,10,14,30,17,4,2,16,No,No,Games
Olivia,30,26,3.726637720732997,0,10,17,17,3,0,9,No,No,Books
Olivia,32,1,1.6873682413767699,1,14,19,23,9,2,2,No,No,Games
Emma,60,19,1.0599721988007502,1,16,38,23,0,3,0,No,Yes,Books
Michael,46,16,4.877948736020083,10,4,5,12,7,5,14,No,Yes,Games
William,31,6,3.609647962996228,2,10,31,82,10,3,8,No,Yes,Books
Michael,45,2,2.2932553939327787,2,16,34,49,5,0,10,No,Yes,Games
Jane,43,29,1.5873793935242064,6,7,39,45,6,2,6,Yes,No,Games
Michael,44,24,1.314692013063259,3,7,47,21,1,3,7,No,No,Books
Michael,43,5,4.577521107288944,10,10,7,32,9,0,19,Yes,Yes,Games
John,37,15,1.2303598370845314,0,12,13,5,1,0,15,No,Yes,Books
Sophia,32,0,3.040359252531328,9,7,6,32,7,2,5,No,No,Games
James,28,6,4.0367550740961535,3,6,23,7,3,0,8,Yes,No,Games
Michael,47,23,1.9101371810094885,6,4,31,23,4,3,18,Yes,No,Books
Michael,57,3,4.6767770727492834,10,11,40,74,7,1,9,Yes,Yes,Games
William,21,0,3.2395321925399188,5,3,15,25,1,2,2,No,Yes,Books
John,44,25,3.869469008363937,1,12,4,2,10,1,4,No,No,Books
Michael,44,25,1.8040550465530796,0,5,35,3,10,3,14,Yes,Yes,Books
Sophia,18,5,2.8192883387831804,10,8,21,46,5,4,18,No,Yes,Books
William,51,10,3.6898056738976166,4,12,36,48,2,1,6,No,No,Books
John,20,4,1.5035501047993134,4,18,10,55,1,1,8,No,No,Books
Emma,37,26,3.929781233756268,3,0,44,60,2,2,13,Yes,Yes,Books
James,44,20,2.4178320125357744,10,11,12,15,0,4,18,No,No,Games
Emma,58,8,4.858363239234894,9,17,25,31,10,4,13,Yes,No,Games
John,27,9,2.006029705090396,5,13,18,35,10,2,7,No,Yes,Games
Emma,26,7,4.610493571498198,7,9,8,46,4,5,6,Yes,No,Games
Michael,53,16,4.402846848469499,2,7,30,53,6,3,9,Yes,No,Games
Emma,28,27,4.908868566805756,9,19,35,1,4,2,2,No,No,Books
Sophia,39,2,4.021949989962897,9,14,15,73,3,1,6,No,Yes,Books
Michael,27,27,1.4726093180524757,0,1,23,28,3,1,0,Yes,No,Books
John,42,9,4.34352190269203,5,13,4,22,0,5,17,No,No,Games
Emma,29,19,2.961713123317092,4,17,47,89,9,5,2,Yes,Yes,Books
William,18,28,4.740376756516557,0,14,10,39,9,4,1,No,Yes,Books
James,43,8,3.794573599567045,10,5,27,42,8,3,9,No,Yes,Games
Olivia,50,26,4.066780729909804,10,10,2,35,6,4,15,No,No,Games
John,33,13,4.946069106536836,6,4,36,3,4,3,19,Yes,No,Games
Michael,37,7,2.496854385801959,3,20,7,29,10,4,2,Yes,Yes,Books
Jane,37,15,1.7993663724702667,8,12,43,56,9,3,0,Yes,Yes,Books
John,36,25,2.8102047560953154,5,0,45,9,5,2,7,No,Yes,Books
Jane,21,14,3.3370416960051945,9,16,39,99,7,4,20,Yes,Yes,Games
James,59,10,4.165738377861236,10,16,38,15,10,2,18,No,No,Books
Emma,30,14,3.2602377810295793,7,12,13,75,8,5,1,No,No,Games
Olivia,26,1,4.199833131616566,6,6,14,28,9,2,14,No,No,Books
Michael,29,0,4.694538258959055,2,2,16,57,6,2,1,No,No,Books
Michael,25,27,1.1286970217614765,9,20,44,9,2,3,15,No,No,Games
William,45,1,3.030822282145755,6,9,46,83,0,3,4,Yes,No,Books
William,31,21,4.494121268678688,1,17,5,63,9,1,0,No,Yes,Games
Michael,33,12,1.5326453739092312,5,9,15,40,4,3,13,No,Yes,Games
Sophia,21,4,3.874385287956377,10,2,4,15,9,1,9,No,Yes,Books
James,54,25,1.6722460754552522,2,16,6,68,7,3,14,No,Yes,Games
Emma,54,15,2.2075324882668426,2,13,5,60,1,0,17,No,No,Games
James,30,7,2.172203071786932,3,15,27,17,9,1,9,No,Yes,Books
Michael,32,25,1.4508899090281782,10,5,0,55,7,4,13,Yes,Yes,Books
Olivia,53,9,2.550240057038847,0,5,37,41,0,5,5,Yes,Yes,Books
James,59,0,1.715098350452715,10,8,20,55,6,4,12,Yes,No,Books
Jane,43,2,1.4440093031038206,8,11,21,62,9,0,12,No,Yes,Games
Jane,39,25,1.6827638150770623,6,7,26,40,2,2,2,No,Yes,Books
Olivia,32,15,2.162464117948085,7,20,23,4,7,1,14,No,Yes,Games
Michael,26,24,4.613768802264043,5,1,7,25,5,3,9,No,Yes,Books
John,45,6,3.2284333979880993,2,16,8,87,9,2,9,Yes,Yes,Books
Michael,42,21,3.8757557104699605,4,9,40,69,9,4,4,Yes,No,Books
John,19,5,1.4902139710286608,5,6,50,23,10,0,11,No,No,Games
Olivia,25,27,2.126735052099652,1,7,40,25,1,4,12,Yes,No,Games
Emma,32,15,2.163216779982718,7,13,48,37,5,0,20,No,No,Books
Olivia,42,14,3.8908458655290343,6,8,0,75,4,0,20,Yes,No,Books
Michael,50,23,2.801823929618507,9,0,18,50,4,3,14,No,Yes,Games
Sophia,59,14,2.4999448971882545,9,13,22,85,2,0,10,Yes,No,Games
Emma,33,2,3.9580644078250913,7,19,36,19,0,0,17,No,No,Books
William,59,6,3.5348397006541097,10,2,30,41,4,0,7,No,No,Games
John,22,7,3.9348009456263604,0,2,38,83,5,5,13,Yes,No,Books
Michael,32,16,4.393855910273391,6,17,16,86,10,4,17,No,No,Games
Jane,57,5,4.579126938819388,2,9,9,3,10,4,9,Yes,No,Books
Emma,55,27,3.789114539903752,7,1,41,79,6,3,11,No,No,Games
James,34,16,1.9919509874581687,9,5,11,82,4,1,13,No,No,Books
William,45,17,2.221094784062137,0,9,5,20,3,1,14,Yes,Yes,Games
William,40,6,4.967902707001786,4,4,29,18,7,0,10,Yes,No,Books
Emma,50,4,4.895007375399519,3,20,12,76,2,4,16,Yes,Yes,Books
William,52,0,1.0609335866504526,9,13,3,76,5,1,14,No,No,Books
Jane,30,19,1.3850565585372867,1,8,19,42,7,2,15,No,Yes,Books
Olivia,42,25,3.843752684039242,9,15,30,92,5,2,4,No,No,Books
Jane,27,29,4.420756866247423,8,5,9,62,7,0,6,No,No,Books
Sophia,43,17,1.1432687218593314,2,17,36,83,2,2,5,No,No,Games
John,57,13,3.5206730234544854,10,18,6,45,5,0,8,Yes,Yes,Games
Sophia,43,25,2.578607779997109,1,10,35,100,8,2,2,Yes,Yes,Books
John,39,22,3.171080233817116,4,5,50,40,7,1,9,No,Yes,Books
William,38,10,3.880200032783496,2,7,12,31,3,0,8,No,No,Games
Jane,45,28,2.3154303695179004,7,5,31,89,5,3,9,No,No,Books
Olivia,42,10,4.707955943772237,5,0,24,3,9,0,5,No,No,Books
Emma,23,22,1.702278042845991,6,13,27,34,7,5,14,No,Yes,Games
John,20,24,4.315728388883583,10,4,35,32,4,0,9,No,Yes,Games
Olivia,45,20,3.162059483307613,10,18,2,21,5,4,6,No,No,Games
James,41,21,3.062411866850484,9,1,48,12,9,0,3,No,No,Books
Olivia,26,16,3.548144526971319,0,15,40,20,9,4,6,No,Yes,Games
Olivia,38,14,3.873053903354695,6,8,31,14,10,4,19,No,Yes,Games
William,24,3,4.850636472054526,5,5,45,20,7,2,0,Yes,No,Games
James,21,26,3.548887428667587,1,5,21,51,6,5,20,Yes,Yes,Games
Emma,20,29,1.2553961903463744,2,18,24,81,10,0,14,No,Yes,Books
John,46,23,2.744407625760927,4,6,37,20,4,2,13,No,No,Books
Sophia,21,2,1.5235056032705723,8,2,3,82,9,0,9,No,Yes,Games
Sophia,58,29,2.5989098442999983,7,0,45,77,0,4,5,No,No,Games
William,20,23,1.6853441402370195,8,8,40,4,6,4,4,No,Yes,Games
Olivia,58,3,3.702093979691692,10,9,12,77,6,2,20,Yes,No,Games
Olivia,40,4,2.748999659656605,8,15,26,9,7,1,14,Yes,No,Books
James,30,30,4.201854408341399,6,2,37,29,9,5,10,Yes,No,Games
James,20,5,3.7574188128559562,1,1,9,23,4,1,20,No,No,Books
Jane,25,24,1.5045780953313406,9,15,11,64,4,3,18,No,Yes,Games
James,52,27,3.633752453968715,5,13,5,1,3,4,4,Yes,Yes,Games
John,45,21,2.7868198050922697,7,6,33,22,9,0,5,Yes,No,Books
Sophia,29,11,3.1127712141111408,8,11,35,94,0,4,10,Yes,No,Books
William,47,14,4.008477702312393,7,3,21,14,9,3,8,Yes,Yes,Games
Emma,48,5,3.3229010317052903,7,2,21,62,10,1,6,No,Yes,Books
Sophia,40,16,2.05461573786177,3,10,20,82,9,0,9,Yes,Yes,Games
Emma,47,11,3.101526839716505,2,12,46,96,5,4,19,Yes,Yes,Games
James,35,14,4.5751575949885295,6,10,47,100,10,4,10,Yes,No,Books
John,54,0,1.516713775445595,1,6,3,81,3,4,12,No,No,Books
James,24,5,4.881792980402798,5,11,34,6,4,2,7,No,Yes,Games
Jane,49,15,3.713398073918639,0,12,29,1,8,2,11,Yes,No,Games
Emma,59,17,2.993975945587041,5,13,11,51,6,3,13,No,Yes,Books
William,31,29,2.986030018515557,1,2,36,53,9,4,14,No,No,Books
William,33,16,2.3665229260486047,0,16,40,92,1,2,16,Yes,Yes,Books
James,28,30,2.4925501405274577,5,18,3,42,4,5,5,Yes,Yes,Games
Jane,22,0,2.7768542642768423,7,20,37,58,4,0,20,Yes,No,Games
William,21,25,3.1979233033117285,8,12,2,31,6,0,15,No,Yes,Games
Sophia,42,18,2.0544334623673874,0,9,27,4,4,0,12,Yes,Yes,Books
Olivia,20,15,4.127154429964282,9,6,13,58,9,1,6,Yes,No,Books
Sophia,27,1,3.696882838774757,3,14,36,25,6,5,5,Yes,Yes,Books
Jane,45,21,3.0320647269917953,6,14,25,54,9,1,15,No,Yes,Books
Jane,29,17,1.3897591287783917,7,9,8,26,3,0,14,No,No,Games
Emma,51,7,2.1600997075695005,9,14,1,54,5,0,7,Yes,No,Games
Emma,24,9,2.0241601889966288,2,0,15,84,0,0,0,Yes,Yes,Books
Olivia,48,28,3.808749990810476,10,2,50,15,4,0,9,No,Yes,Games
Michael,20,19,3.2994070317747193,0,7,26,34,10,5,16,Yes,No,Books
Jane,49,20,1.9298263525202755,4,6,20,95,7,5,13,Yes,No,Games
Michael,32,16,3.7220332586806086,9,6,37,24,8,5,1,No,No,Books
James,44,26,3.9328819482615938,6,20,16,97,0,4,14,Yes,Yes,Books
James,18,26,2.9137326096261003,8,17,22,69,9,5,13,No,No,Games
Jane,20,22,2.4442150640039513,10,16,36,28,3,2,1,No,No,Books
James,30,11,1.2607781336779014,10,9,24,70,10,3,6,No,No,Games
James,23,30,4.321656096723419,9,5,11,98,10,2,4,Yes,Yes,Books
Emma,25,10,2.360374376510285,0,18,45,54,1,0,9,No,Yes,Books
Emma,49,24,2.857770838969242,4,17,42,14,4,3,0,No,Yes,Books
John,41,11,2.2491436288295263,7,5,39,50,2,3,7,Yes,No,Games
Jane,38,11,3.0597002173404433,8,17,7,22,8,3,20,Yes,Yes,Books
James,31,12,2.4208119939703545,5,15,30,45,1,1,16,Yes,Yes,Books
James,43,1,3.969806401326833,6,2,22,30,8,5,1,No,No,Books
Michael,49,18,3.4141527825061355,4,6,45,58,5,0,14,No,No,Games
William,19,2,2.851270730891838,6,8,8,3,4,3,16,No,No,Books
Michael,41,8,1.43381717665654,6,20,0,36,0,4,0,Yes,No,Games
John,48,8,3.337341131720501,0,14,29,82,10,1,5,No,No,Books
John,26,4,2.9417921260724778,2,1,1,84,7,3,8,No,No,Books
John,21,28,1.0307478442717386,6,13,16,0,5,2,5,No,No,Books
Emma,57,20,3.4479493854955585,5,19,11,37,3,0,4,Yes,No,Books
John,40,6,3.6346673705664285,4,4,34,23,0,1,7,No,Yes,Games
Michael,39,19,1.1248268325737465,5,18,12,22,0,5,4,No,Yes,Books
William,36,19,2.838420218574345,9,18,37,66,3,5,4,Yes,Yes,Books
Emma,55,24,2.2641716165242545,0,6,43,52,0,3,16,No,No,Games
William,46,19,1.8374850256500608,9,1,25,48,8,1,16,Yes,Yes,Books
William,23,20,1.16996781002835,3,9,28,70,6,2,4,No,No,Books
John,39,22,3.552569680930263,8,4,44,3,10,2,12,No,No,Books
Sophia,46,11,2.7098438407708794,0,1,38,74,3,1,16,No,Yes,Games
Emma,51,25,1.8889881498042596,0,5,25,19,9,4,4,No,No,Books
James,43,2,3.7171510681633233,5,14,26,3,5,2,9,Yes,No,Books
William,18,6,1.9913646271469765,10,14,16,77,4,0,12,Yes,Yes,Books
Sophia,53,24,1.0633335693277095,10,15,47,78,7,1,3,Yes,No,Games
Olivia,38,0,4.873139617633591,10,19,34,27,4,0,3,Yes,No,Books
James,20,3,3.7023907679399963,6,10,35,62,7,2,15,No,Yes,Books
Emma,24,20,4.17926143032131,8,11,35,93,9,1,17,Yes,Yes,Books
John,45,15,3.6278879975220746,0,6,7,6,2,0,10,Yes,Yes,Games
Sophia,28,8,4.0950277157202795,0,11,21,22,6,3,2,Yes,Yes,Books
Olivia,26,27,1.5909937802980125,10,16,3,7,3,0,7,Yes,Yes,Games
Olivia,59,7,4.608519669612711,3,7,0,45,7,1,4,No,No,Books
John,25,13,3.05554764815116,7,15,39,1,2,0,0,No,No,Books
John,19,10,2.5667633627155904,10,2,2,79,5,4,7,Yes,No,Games
Jane,45,26,2.572135556545286,9,7,1,58,6,3,16,Yes,No,Games
Emma,20,22,3.3882106622878623,0,2,44,34,0,0,16,No,No,Games
John,35,9,3.6676447977577915,2,17,15,69,0,0,14,No,No,Books
Jane,29,6,1.2178479720205049,9,18,9,22,4,3,9,Yes,No,Games
Olivia,43,17,1.2273203639432086,1,19,35,85,4,4,13,No,No,Books
Olivia,50,3,1.8800279482418127,3,5,26,95,1,0,19,No,Yes,Books
Sophia,33,14,4.962017434565272,4,14,9,86,0,1,5,Yes,No,Games
William,47,1,3.3840481824230895,4,14,50,65,2,0,3,No,No,Games
Emma,48,27,1.6117591973638663,2,17,41,20,5,4,19,Yes,Yes,Games
John,52,16,4.91948858938893,9,10,24,96,3,1,6,No,Yes,Games
Michael,24,8,3.997803846954471,9,10,27,23,9,5,2,No,Yes,Books
James,44,29,4.8400031118527895,7,20,13,6,5,2,18,Yes,Yes,Books
Michael,38,7,3.0936327783257225,7,3,3,83,0,0,3,No,No,Games
William,21,1,1.8653011356279605,4,1,29,55,2,1,18,No,No,Books
Sophia,59,8,1.595206459844471,1,7,6,14,6,1,1,No,No,Games
Emma,57,0,1.2578122815716113,1,19,24,80,2,3,5,No,Yes,Books
Jane,35,25,1.5659502102913878,10,17,29,5,10,2,2,No,No,Books
James,29,0,2.5918378413329823,2,11,37,0,9,1,15,Yes,No,Books
James,19,23,2.874366367888849,2,5,40,0,10,1,13,Yes,Yes,Games
Olivia,41,12,2.407952877864638,2,5,36,84,7,2,20,Yes,Yes,Games
James,55,10,3.9649358285526297,8,1,40,96,6,4,5,No,No,Books
Jane,59,20,1.5018582281221833,2,9,46,82,8,5,0,No,Yes,Books
Michael,36,13,4.934223509615848,4,1,11,57,4,2,3,No,No,Games
Michael,58,28,1.7740661659174561,0,8,21,65,1,1,16,Yes,Yes,Books
Sophia,31,11,2.4455487510062106,0,1,49,22,4,5,8,Yes,Yes,Games
Emma,39,11,2.7034141992100262,8,2,27,32,2,0,5,No,Yes,Games
William,38,11,1.980574097300746,8,3,23,83,4,0,10,No,No,Books
Emma,32,29,4.113771378642424,10,19,49,86,6,5,1,No,Yes,Books
William,26,14,3.6504050682049614,3,17,26,5,1,0,14,No,Yes,Games
James,26,26,2.0517635823919753,7,3,1,51,6,1,3,No,No,Books
Emma,58,27,4.955754002394805,1,2,44,7,5,0,17,Yes,No,Books
Jane,50,2,2.804032328920541,7,14,33,43,6,3,6,No,Yes,Games
James,45,5,2.2525825413409484,8,2,28,3,3,4,8,Yes,No,Games
Sophia,37,6,4.215451042053104,8,12,2,25,8,0,18,Yes,Yes,Books
John,50,22,3.1298619047888887,3,5,41,68,10,4,2,No,Yes,Books
Olivia,46,1,1.1545598646765605,5,6,10,99,8,0,9,No,Yes,Games
Emma,28,23,3.2825918766818076,4,6,11,32,1,2,2,Yes,Yes,Books
Sophia,20,23,1.6806258168072912,7,20,1,37,8,2,8,Yes,No,Games
Sophia,27,13,1.9286664677731555,3,15,50,55,0,1,19,No,No,Games
John,40,12,3.1392570876204258,1,0,46,17,0,5,17,No,No,Games
James,49,19,1.0157033039416512,5,8,36,94,8,3,19,No,No,Books
Michael,26,4,3.193573542954317,4,13,15,92,7,5,8,No,No,Games
James,30,23,3.873810637114903,9,6,25,34,1,4,17,No,Yes,Books
John,50,16,2.2892924496381255,5,7,29,92,3,2,10,Yes,No,Books
Michael,52,3,4.4227311066393575,3,14,19,69,10,0,13,No,No,Books
Michael,51,16,3.68452867104055,2,8,46,96,2,3,0,No,Yes,Games
Sophia,24,4,4.527603685181893,10,10,31,70,4,2,3,No,Yes,Books
Sophia,37,23,3.933386143428792,10,8,36,20,4,1,15,No,Yes,Games
William,35,14,1.8660613264665344,3,14,50,26,3,2,12,Yes,Yes,Games
William,25,29,4.455731390612261,10,9,3,77,5,5,6,Yes,No,Games
Michael,41,16,2.997307780591675,9,5,48,16,8,4,2,No,No,Games
John,46,28,3.360760798116493,5,11,45,6,0,3,2,Yes,Yes,Games
Emma,33,26,1.3451537208587,2,2,50,44,8,4,1,Yes,Yes,Games
Jane,31,0,1.3092246886136438,9,8,2,89,4,3,8,Yes,No,Books
John,31,11,3.8681296605543656,10,16,3,49,5,1,20,No,Yes,Books
Olivia,39,20,1.2849512967864722,3,0,36,64,8,2,16,Yes,Yes,Games
William,52,30,3.93804240573421,2,10,39,25,10,4,11,No,Yes,Games
James,47,14,1.4921887175583541,3,8,0,64,10,5,6,No,Yes,Books
Olivia,41,22,1.6091853528875952,0,10,41,59,0,5,19,Yes,Yes,Books
Michael,59,14,4.312893410825614,10,13,2,77,7,3,19,No,Yes,Games
John,35,30,1.2361564692326925,0,20,34,25,7,1,0,Yes,Yes,Books
Sophia,39,17,3.283042156924734,10,10,1,75,1,3,1,No,No,Books
Michael,31,20,4.548098659704845,2,2,21,30,9,0,11,No,No,Games
Olivia,44,10,4.384782890908204,1,7,39,44,9,2,17,Yes,Yes,Books
John,26,30,4.601878009269388,0,1,36,64,7,1,5,No,Yes,Games
Jane,40,22,2.689657793448362,5,1,49,19,8,4,6,Yes,No,Games
Jane,45,6,2.4950447054712805,6,16,3,95,7,1,8,Yes,Yes,Books
James,26,30,4.4952309049997226,5,16,4,42,4,0,14,Yes,No,Books
Olivia,19,2,4.151022724263428,9,18,22,69,3,4,6,Yes,No,Games
Emma,35,9,2.3493321956225217,6,6,36,21,10,5,20,No,Yes,Books
William,49,24,1.172574715325712,3,16,39,51,10,2,11,Yes,Yes,Books
William,60,21,1.9561766337490152,5,20,16,9,2,0,11,Yes,No,Books
John,41,0,3.645546796834143,10,15,46,83,7,3,12,Yes,Yes,Games
William,37,25,1.46538512652773,4,0,23,48,3,5,7,Yes,Yes,Books
Emma,49,14,4.282635219557459,9,17,32,88,7,4,0,No,Yes,Games
Sophia,47,10,1.6100171318116492,2,0,23,55,10,0,2,Yes,Yes,Games
Jane,49,7,1.2765128590100856,5,20,33,87,5,5,15,Yes,No,Games
Michael,19,5,3.1128012603490425,1,7,3,93,9,5,14,Yes,No,Books
John,39,3,3.664482577948564,2,20,5,33,0,0,20,Yes,No,Books
William,19,12,4.427777420034053,8,20,35,98,6,2,19,Yes,Yes,Games
John,50,16,4.452885659979641,0,13,36,55,6,2,12,No,Yes,Books
John,36,26,2.386774101798973,10,1,5,5,6,5,10,Yes,No,Books
Olivia,30,16,4.16682995766792,6,17,9,43,6,5,19,No,No,Books
John,23,4,4.789954431777124,3,11,23,45,4,5,0,Yes,Yes,Books
James,18,11,3.728564499337709,7,16,4,74,4,3,6,No,Yes,Books
Emma,21,27,2.9295488081772487,5,17,29,66,10,4,16,Yes,No,Books
Olivia,35,2,1.9725609083928544,9,7,27,57,1,1,7,Yes,No,Games
James,52,9,3.2566842415594794,0,14,8,79,4,3,4,No,No,Games
Michael,40,19,2.2724174581054997,9,2,31,46,1,4,18,No,No,Books
Michael,59,16,4.435620592032771,1,19,31,37,8,0,4,No,Yes,Books
Olivia,59,12,3.407193497935017,5,0,35,45,10,5,4,Yes,Yes,Books
Jane,28,12,4.232223350725625,8,15,12,84,8,2,2,Yes,No,Books
James,32,7,1.583766449307384,5,16,15,89,6,5,17,Yes,Yes,Games
Michael,44,16,2.51275822057197,7,3,23,62,5,3,9,No,Yes,Games
Michael,24,18,1.8249646868295364,5,16,41,0,8,5,4,No,Yes,Books
James,47,9,1.7493068775734892,3,13,35,49,1,5,6,Yes,No,Games
Olivia,22,1,2.214647672837433,5,6,26,36,9,5,3,No,Yes,Books
Olivia,51,21,3.3442242328604004,2,6,34,89,4,0,10,Yes,No,Books
William,27,3,3.0358714405774254,3,19,36,68,10,3,19,No,No,Books
Emma,60,20,3.5184710874427365,1,17,36,93,9,2,1,No,Yes,Games
Olivia,28,29,2.9966204910129433,3,6,39,36,10,5,18,No,No,Books
Olivia,50,25,1.7203698184339524,8,0,23,40,4,1,8,Yes,No,Books
Jane,23,14,2.9764700567293847,6,11,32,64,6,5,19,Yes,No,Games
John,33,19,4.9632248340382965,10,0,13,0,4,2,17,Yes,No,Games
Sophia,22,19,2.302013530894729,8,1,8,69,6,3,14,Yes,Yes,Books
Emma,26,1,2.1157159169786564,2,16,6,39,2,2,2,No,Yes,Games
Sophia,30,4,4.236729712896807,10,19,36,65,0,2,5,No,No,Games
Olivia,29,22,2.3679746918258298,2,7,33,1,8,3,3,Yes,No,Books
Jane,49,12,2.0144833885466693,4,3,7,42,5,0,8,No,No,Games
Olivia,53,1,1.3821975626035599,7,9,19,57,9,5,9,No,No,Books
Olivia,54,7,3.704735216572336,2,11,40,54,3,2,18,Yes,No,Games
Michael,36,25,2.934232126955145,6,5,35,38,1,4,12,No,No,Books
William,53,23,2.115479426211974,3,17,42,74,6,3,15,Yes,Yes,Books
Jane,49,20,3.519225438993224,3,0,29,21,7,1,17,Yes,Yes,Games
Sophia,53,9,1.1464679621081495,2,14,49,98,0,3,4,Yes,No,Games
Emma,40,13,4.643976524613718,4,14,16,19,8,0,4,Yes,Yes,Games
William,23,26,1.7904245751992387,0,9,41,19,6,5,20,Yes,Yes,Books
Jane,27,3,2.6240328521832117,9,17,33,65,2,4,13,Yes,No,Books
Emma,24,14,1.1285217210619556,4,2,11,50,5,4,2,Yes,Yes,Books
Emma,51,0,1.7849710029806345,10,6,9,65,2,4,4,No,Yes,Games
Michael,25,17,3.65942400655756,3,10,20,24,9,2,10,Yes,No,Books
Olivia,37,29,3.716818698533323,9,1,30,55,6,4,7,No,No,Books
James,26,0,2.5519825607661675,4,15,34,71,9,0,14,Yes,Yes,Books
William,49,5,2.749915248465493,1,6,44,53,3,2,17,Yes,No,Books
Michael,46,7,3.7489051407570746,9,10,4,21,1,0,16,Yes,No,Books
Sophia,37,18,1.5514835195159815,0,4,2,89,5,0,3,Yes,Yes,Games
Emma,38,13,1.9836364128720456,9,13,15,30,1,3,16,No,No,Games
Sophia,26,18,3.5925694402336235,0,5,46,91,5,3,11,No,No,Games
Emma,34,25,4.728056679056815,7,8,40,67,9,2,13,No,Yes,Games
Michael,37,17,2.98028567206472,6,4,48,6,10,1,9,Yes,Yes,Games
James,55,7,3.322304668730672,4,14,17,67,2,2,2,No,No,Books
Emma,58,12,3.9404050381513303,10,4,19,15,5,3,20,No,No,Games
Olivia,53,3,2.421834640459272,9,17,0,30,10,5,2,Yes,Yes,Games
John,23,24,2.4716481151503773,2,0,28,23,5,3,0,No,Yes,Games
Michael,54,2,3.4437627469118346,6,0,23,21,8,1,7,No,No,Games
William,31,1,1.1837254224448146,6,15,5,50,10,1,0,Yes,Yes,Games
James,31,7,4.918248888985373,9,14,19,82,9,4,5,Yes,Yes,Games
John,29,18,3.3852610983272293,9,0,14,5,10,5,13,No,Yes,Books
Michael,48,15,2.5356607689470754,10,4,10,30,9,3,16,No,Yes,Books
James,59,24,4.764287287067378,8,1,22,10,1,0,8,No,No,Games
James,42,8,1.2692919933090976,7,1,45,22,8,4,12,No,No,Books
William,25,7,1.8670053307659025,10,1,9,31,4,2,14,No,No,Books
Emma,47,18,3.9056513792862937,3,13,31,64,5,5,13,Yes,Yes,Books
William,59,8,2.068985733751699,10,17,41,34,9,1,7,Yes,Yes,Games
Sophia,42,24,3.234012578007337,6,18,25,40,9,1,1,Yes,Yes,Games
Olivia,60,26,4.270837317940085,6,16,44,30,3,5,0,Yes,No,Games
William,42,12,4.345639974473242,5,17,44,65,10,3,16,No,No,Games
Emma,38,10,4.101259444100256,2,2,39,95,1,0,5,Yes,Yes,Books
Jane,30,29,1.4644282485052562,2,0,46,55,0,3,9,Yes,Yes,Games
Emma,56,11,3.351755383892114,9,5,6,90,8,1,19,No,No,Games
Michael,55,14,1.2055049926260786,4,13,38,20,10,1,16,No,No,Games
Emma,30,15,2.5329730059819124,10,11,27,17,0,3,1,No,Yes,Games
Michael,27,8,2.2569385678628695,7,1,21,6,10,2,10,No,Yes,Books
Olivia,28,24,3.9040041893294144,2,14,29,95,4,5,3,Yes,Yes,Games
Olivia,36,29,3.8071239266254895,5,7,22,14,9,2,17,Yes,Yes,Games
John,60,26,1.1008670631659787,2,10,22,84,7,0,12,No,Yes,Games
Jane,35,18,1.0827784727625476,0,10,43,37,4,0,20,Yes,Yes,Games
Olivia,18,27,2.030871588226306,5,19,42,48,1,4,14,Yes,No,Books
Michael,55,28,1.5410317347367273,3,5,4,42,0,3,8,No,No,Games
James,57,9,3.769965895923597,3,11,12,89,4,1,19,No,Yes,Books
James,24,28,4.973826531843631,10,19,17,96,5,4,4,No,Yes,Books
Michael,41,1,2.324849835591289,1,18,46,43,4,0,18,No,No,Books
Michael,42,22,2.9011457993082908,7,7,16,53,7,5,13,Yes,No,Books
Emma,44,0,2.2500141159776743,9,12,19,26,9,5,17,Yes,Yes,Games
Emma,57,14,3.917062561516735,5,3,6,55,6,5,14,No,No,Games
William,55,18,2.3152621451604527,10,10,1,34,10,4,9,No,No,Books
William,28,9,4.079572201756616,9,16,36,3,5,2,12,No,No,Games
Jane,34,15,2.0822273526446358,4,12,30,75,2,0,5,No,No,Games
Jane,50,25,2.7849629159665983,2,2,5,89,5,3,20,Yes,No,Games
Jane,22,27,3.851003914428652,10,0,15,33,5,0,1,No,No,Books
Jane,27,26,1.7591454750536974,4,16,42,42,3,5,15,Yes,No,Games
Sophia,18,9,1.8703255123665508,5,12,17,78,7,2,14,Yes,Yes,Games
Emma,21,1,1.979880263373612,10,19,25,11,2,2,1,No,No,Games
James,46,8,2.0785897123974526,0,9,1,50,8,2,18,No,No,Books
William,22,29,4.708822719558601,1,11,40,37,10,5,15,Yes,Yes,Games
James,54,29,4.613621615534667,10,20,35,82,3,5,0,Yes,Yes,Books
William,49,0,3.349488297707487,1,8,0,91,9,2,9,Yes,Yes,Books
Emma,53,8,1.6952347274055337,8,4,40,40,1,3,4,No,No,Books
Olivia,31,17,3.5929288441659306,5,1,38,4,6,3,17,No,No,Books
James,36,17,3.647418241512352,7,10,12,19,4,4,18,No,No,Books
Olivia,43,28,2.662992921504729,3,9,35,9,8,1,3,No,No,Games
Olivia,46,19,4.711429878939931,0,6,21,38,10,5,0,Yes,Yes,Games
John,41,12,2.792981308146338,9,5,0,11,9,2,11,Yes,No,Games
Jane,33,20,4.7286571254989225,1,6,5,25,4,5,20,No,Yes,Books
James,30,0,4.605111027079862,7,4,20,68,3,1,7,No,No,Games
Michael,25,23,2.7099575751817264,1,7,50,89,7,3,1,No,Yes,Books
Emma,59,18,1.585365311863907,1,0,49,37,2,4,14,No,Yes,Games
Michael,56,10,4.02044716700386,2,0,13,30,4,1,0,Yes,Yes,Books
Michael,44,30,3.7762931292168287,4,20,47,95,4,1,17,Yes,Yes,Books
Sophia,56,3,3.3169926163126426,8,17,4,74,6,2,19,Yes,No,Books
James,51,23,3.937060097185448,1,20,22,28,4,3,14,Yes,No,Games
Michael,60,14,1.4646221707400375,0,14,29,73,7,4,5,No,Yes,Books
Olivia,39,13,1.402040787128355,3,18,34,68,2,2,9,Yes,No,Books
Michael,57,11,1.5522671145233158,0,13,6,48,6,1,14,No,No,Games
Emma,26,14,4.46933292396516,3,9,10,1,1,2,5,Yes,Yes,Books
Emma,24,23,3.7834256746163852,7,10,35,85,6,4,8,No,Yes,Games
William,46,3,3.349155713165606,4,16,13,99,6,2,7,Yes,No,Games
John,42,25,2.2111039457861774,3,3,21,2,5,3,11,Yes,Yes,Books
Sophia,53,10,2.6254587101693043,3,10,28,43,8,3,11,No,Yes,Games
Emma,48,6,4.563358162393394,0,2,18,27,10,1,18,No,No,Games
Jane,59,25,2.820947907156649,2,5,6,61,1,5,18,No,No,Games
Michael,35,19,3.7270687864872767,4,7,9,6,1,4,16,No,No,Books
Sophia,22,29,2.0319944311973455,5,20,25,50,4,4,9,No,No,Games
William,39,11,2.034334898874289,9,2,42,12,9,5,0,Yes,Yes,Games
John,19,27,3.603878510582776,2,1,15,23,0,0,0,No,No,Books
Sophia,22,0,2.6912046977499102,9,4,19,95,4,5,17,No,Yes,Games
John,34,17,1.2957602154404548,7,4,31,37,2,1,10,Yes,Yes,Games
James,34,7,4.26200708554291,6,17,25,25,4,3,12,No,No,Games
Emma,26,30,3.759689287837087,9,1,23,5,5,2,18,Yes,No,Games
William,19,23,2.5306848377698197,5,13,42,61,4,5,2,No,Yes,Books
Michael,59,13,3.5218686699025525,4,20,45,97,0,5,4,No,No,Books
John,59,26,4.295865790294819,6,7,29,98,6,4,3,Yes,No,Books
William,34,0,2.0809142141364485,0,18,48,37,10,5,10,No,No,Books
James,31,26,1.848514282306092,1,8,11,88,3,0,18,Yes,No,Games
John,55,23,1.580858359094659,4,12,21,3,6,5,20,No,No,Games
William,18,19,3.48997024729226,10,11,39,75,4,3,20,No,No,Games
Sophia,40,0,4.277959522999939,1,17,47,52,9,3,10,No,Yes,Games
James,49,9,3.884509478194948,4,6,43,78,10,0,11,No,Yes,Books
Michael,38,21,1.0408260503732074,4,4,1,46,6,5,5,Yes,No,Books
William,56,0,2.31912371475702,8,7,15,59,4,3,16,Yes,No,Books
William,38,20,1.6078546204001163,4,11,42,9,4,5,0,Yes,Yes,Games
James,48,21,4.815778289276328,5,9,8,17,3,4,18,Yes,Yes,Games
Sophia,21,3,3.611467692416477,10,5,32,31,3,2,18,Yes,Yes,Games
Jane,43,19,2.0434006318487588,9,16,25,14,10,1,14,No,No,Books
William,23,20,2.012330869848399,4,9,12,36,2,0,19,No,No,Books
Sophia,45,4,2.9727684184372456,7,15,8,73,2,5,4,Yes,No,Games
Sophia,31,5,4.207117518963001,3,10,44,82,1,3,13,Yes,No,Books
John,28,13,4.129588595425208,0,9,3,7,4,1,3,No,Yes,Games
John,25,0,3.165590584024535,4,19,35,82,6,0,16,No,No,Books
Emma,44,25,3.5399237268062382,9,20,2,67,8,1,11,Yes,Yes,Games
Sophia,58,9,3.5945154598182927,5,17,49,80,4,2,1,No,Yes,Games
Olivia,30,5,2.0715549183311466,8,5,37,8,4,3,17,Yes,Yes,Games
William,21,7,3.986315616780541,2,12,50,56,4,5,9,No,Yes,Books
John,41,13,1.6796382041454234,8,6,33,27,1,4,9,No,No,Games
Michael,19,30,3.0920605948567137,8,15,37,35,4,4,12,Yes,Yes,Games
Olivia,43,29,3.4706399290732852,6,19,48,20,3,0,1,Yes,No,Games
Jane,54,15,4.420811937115318,6,6,19,7,1,5,16,No,No,Books
Michael,58,6,2.8622102593933305,5,15,13,91,7,1,0,No,Yes,Books
William,23,13,4.181585342345748,5,3,0,36,1,3,20,Yes,Yes,Books
Jane,57,18,3.357705880798875,4,12,44,70,8,2,9,Yes,Yes,Games
Sophia,58,24,2.9706007404351906,10,7,37,59,5,4,10,No,No,Books
Emma,50,10,1.0961170309758672,7,3,2,26,8,0,8,Yes,Yes,Games
Emma,43,16,3.4536907641271584,1,1,8,76,4,1,5,Yes,Yes,Books
Olivia,45,22,3.358251901769866,5,9,35,92,7,1,16,Yes,Yes,Games
Sophia,39,17,3.688561601643969,9,14,5,6,9,2,2,No,Yes,Books
Sophia,26,22,1.950352486795281,10,2,5,77,9,1,11,Yes,No,Games
Emma,59,15,2.702561706988089,0,1,11,20,6,4,5,Yes,Yes,Books
Emma,47,18,3.2524952164499354,8,14,7,17,7,3,1,Yes,Yes,Books
Michael,50,17,2.353913119045946,7,13,20,49,6,1,10,Yes,Yes,Books
Emma,36,1,2.122606720012072,7,20,44,79,5,2,15,No,No,Games
William,33,18,1.0519644803057746,2,5,44,63,0,2,15,No,No,Books
Jane,25,0,4.436275897823699,6,9,16,26,2,2,19,Yes,No,Games
Sophia,31,22,2.007569824627781,5,18,29,74,3,1,4,No,Yes,Books
William,46,1,1.839842822011144,9,5,36,8,9,5,2,No,No,Books
John,46,30,2.094288748355088,3,6,5,11,10,2,13,Yes,No,Books
Sophia,39,1,4.953852935782523,6,8,10,99,7,1,2,No,No,Games
John,50,11,3.3723290099805316,7,6,8,57,3,5,19,Yes,Yes,Books
Olivia,29,20,3.9624145656466654,5,8,45,78,3,0,10,Yes,Yes,Books
James,26,8,2.4134748584239274,3,6,48,86,1,1,18,No,No,Books
James,44,11,3.1874127353171557,10,0,42,52,8,3,4,No,Yes,Books
Emma,27,4,3.373678912726144,6,2,46,6,0,4,12,Yes,Yes,Games
Michael,55,21,2.020411031327131,0,10,25,40,5,4,15,No,Yes,Books
Emma,30,30,2.0980338049488023,0,20,16,3,4,4,16,No,No,Games
Jane,49,25,4.316257296628176,0,1,47,53,5,2,17,Yes,Yes,Games
Jane,39,19,3.3914671748308045,7,0,49,19,0,2,19,Yes,Yes,Games
Sophia,55,17,1.4201365958603427,2,14,38,30,0,2,19,Yes,No,Games
William,29,20,3.772860427915627,5,20,44,65,9,4,8,No,No,Games
Michael,24,26,4.709770235126378,6,11,12,83,9,4,9,Yes,No,Games
Jane,58,6,2.22502376779473,10,19,40,60,9,0,15,No,No,Books
Olivia,51,20,2.8498663377765134,1,14,1,53,9,0,7,Yes,No,Games
Emma,46,1,3.040124941892383,9,5,12,44,0,2,19,No,Yes,Books
William,38,29,4.449390455300559,10,14,40,67,3,1,2,No,No,Books
Michael,34,18,1.960441578120014,7,14,22,12,3,4,6,Yes,Yes,Books
Emma,39,10,4.416987581817262,8,14,27,72,3,2,10,No,Yes,Games
William,52,12,4.952913744040622,10,0,27,78,8,5,2,Yes,No,Games
Olivia,45,15,4.606105384964924,3,14,26,51,10,4,4,No,No,Books
Michael,59,10,1.6271602137485646,1,4,19,11,1,3,7,Yes,Yes,Books
William,50,10,3.4831043200661465,7,15,24,91,3,0,3,Yes,No,Games
Sophia,30,12,3.8584902423247502,2,17,9,55,4,2,3,No,No,Books
Emma,51,28,2.8996682589876253,0,12,24,40,2,1,5,No,Yes,Books
Olivia,41,27,3.934949072135195,10,20,2,99,2,4,13,No,No,Books
Michael,35,8,1.6201619045877558,8,9,30,69,1,3,14,Yes,Yes,Games
James,37,25,1.723132719126525,10,2,1,47,8,2,8,Yes,No,Books
Michael,46,14,3.869994210232345,5,9,8,25,6,2,8,Yes,Yes,Books
Sophia,27,4,4.390433329388671,8,19,31,35,0,1,20,No,Yes,Games
William,54,16,4.705094558691687,8,4,50,6,10,4,2,No,No,Games
Emma,23,14,1.2786680569587912,0,1,39,58,4,0,10,Yes,No,Games
James,44,1,1.998036556660212,10,0,12,75,6,4,4,Yes,No,Games
Emma,36,18,4.895276425055689,9,15,49,24,3,4,4,Yes,No,Games
Sophia,23,23,2.866115330879192,7,0,4,89,9,0,20,Yes,Yes,Games
Jane,49,16,4.152056863220981,3,3,40,58,1,2,19,Yes,No,Games
John,35,30,1.7303053351675044,10,10,17,22,3,3,20,Yes,No,Games
Michael,30,14,2.0851729693381817,4,18,31,96,3,4,9,Yes,No,Books
Olivia,43,0,4.330566297408627,3,10,25,31,1,1,3,No,Yes,Books
Sophia,19,2,2.204946023960535,2,18,24,19,2,0,18,Yes,No,Games
John,47,0,1.3747427447926088,3,5,21,90,1,1,18,No,Yes,Games
Olivia,39,20,3.777462115617923,4,14,37,33,7,4,5,No,No,Games
Michael,38,4,3.832842492659259,3,17,24,47,9,5,12,No,Yes,Books
Jane,24,10,2.782212459123269,2,17,23,83,2,4,5,Yes,Yes,Games
Emma,33,11,2.7321698477042,2,0,13,1,10,2,7,No,Yes,Books
Emma,28,23,4.0085938765332845,6,18,43,25,5,5,0,Yes,Yes,Games
Jane,23,2,1.7481317111617143,3,19,35,39,10,0,2,Yes,Yes,Books
Jane,18,4,3.473947967148927,0,14,15,49,10,0,18,Yes,Yes,Books
Michael,58,8,4.423540078269198,9,15,23,77,3,5,6,Yes,No,Games
John,26,2,1.3478380322772971,6,10,49,72,7,4,1,Yes,Yes,Games
John,59,7,2.7579232962357083,7,3,10,79,7,3,20,Yes,No,Books
Michael,38,6,3.725003302950459,3,4,12,16,1,5,1,Yes,Yes,Games
Emma,60,13,1.1916936685725887,3,4,1,0,10,3,2,No,Yes,Games
Sophia,55,7,1.76718113494011,9,10,27,4,7,2,17,No,No,Books
Jane,39,24,4.925583949441187,2,2,36,15,1,0,12,No,Yes,Books
Sophia,46,12,3.9533433139587837,3,9,48,10,4,3,2,Yes,Yes,Games
William,55,12,3.6331546421262,10,1,22,16,5,4,17,No,Yes,Books
John,28,19,3.2415061337872126,6,3,34,23,9,1,10,Yes,Yes,Books
Sophia,56,12,3.0160868563749763,1,2,45,86,5,3,18,Yes,Yes,Books
Jane,35,18,4.2907874275499225,9,7,30,91,2,4,10,No,Yes,Games
Michael,45,1,1.2911469269905465,8,18,21,25,3,3,11,No,No,Games
Olivia,59,12,2.085427433824245,1,8,25,7,0,2,0,Yes,No,Books
Sophia,23,20,4.334561326218678,3,5,1,31,10,1,20,Yes,No,Books
Jane,50,10,4.899832457510651,2,2,26,16,4,5,2,No,Yes,Books
James,28,4,2.6903327100196734,6,10,44,71,5,3,4,No,No,Books
Sophia,32,7,1.34806001376641,8,3,21,9,3,1,12,No,No,Games
Emma,50,2,4.162359920061644,3,5,44,41,7,4,9,No,Yes,Games
John,25,14,1.2973366785047187,8,15,42,72,9,2,4,No,Yes,Games
Olivia,26,7,4.725657966398951,0,7,19,52,9,5,17,No,No,Books
Michael,24,21,3.04718096911412,3,12,13,50,0,0,18,Yes,No,Games
Jane,25,15,1.9605948650705285,7,17,34,70,2,3,16,No,Yes,Books
John,39,13,4.805639910487846,10,9,31,3,5,5,17,Yes,Yes,Games
Emma,22,30,3.208697168390504,0,10,38,25,1,0,17,No,Yes,Games
James,21,21,1.33829159693728,7,17,19,43,4,4,6,No,Yes,Books
Emma,32,1,3.476827590573186,9,5,36,2,1,2,7,Yes,Yes,Games
Jane,58,12,2.8369712181221147,0,20,34,13,6,5,15,No,No,Books
James,27,18,1.182912898957278,2,2,48,22,0,3,18,Yes,No,Games
William,36,28,4.370800923967545,10,2,26,29,10,3,16,Yes,Yes,Books
James,30,10,3.0706930870335047,1,14,12,13,1,3,14,Yes,No,Books
Michael,35,29,4.394768575731303,0,9,33,12,6,0,15,No,Yes,Games
James,23,5,4.952030663135696,8,10,36,57,5,1,17,Yes,No,Books
Olivia,47,28,4.84388925985385,8,12,43,55,9,1,6,No,No,Games
William,27,29,4.537330233821093,5,13,42,75,5,5,9,Yes,Yes,Books
William,47,27,4.888936317087007,7,17,47,89,4,0,10,No,No,Games
James,39,15,2.026365593423372,2,18,44,69,5,0,3,No,No,Books
Sophia,54,20,3.244316104017318,10,16,14,7,2,1,19,No,Yes,Games
Emma,33,12,3.5832630377481487,8,11,12,27,10,2,19,Yes,No,Games
Michael,42,4,4.742417826959539,10,7,7,85,3,1,16,Yes,Yes,Games
Michael,43,21,1.7211584329125484,1,17,4,10,3,5,10,No,Yes,Books
Michael,41,15,1.6281636079777089,5,19,24,52,3,3,7,No,Yes,Books
James,20,12,4.047408211551513,4,17,50,52,5,3,19,No,No,Books
James,43,7,2.3399618566755938,0,3,20,32,6,0,18,Yes,No,Books
John,21,4,4.316054360088665,1,19,41,65,3,4,3,Yes,Yes,Games
Michael,50,20,4.364345362761033,5,13,22,91,4,0,16,Yes,Yes,Books
John,41,10,3.5588856999103236,3,20,46,54,1,4,7,Yes,No,Books
James,48,4,3.9137414700569124,4,7,24,14,3,1,13,Yes,No,Books
Jane,59,23,2.838783222846135,3,14,24,32,5,0,3,Yes,Yes,Books
Olivia,28,3,3.3509344860102677,10,14,36,92,9,2,20,Yes,No,Books
Emma,45,16,4.322436561216452,4,1,2,28,4,3,5,Yes,No,Books
James,58,2,3.829503458571325,7,18,27,8,6,1,16,Yes,No,Games
John,21,23,1.5015335374347414,7,13,11,55,6,3,8,No,Yes,Books
John,46,16,4.530594832699198,1,10,46,26,8,2,0,No,No,Books
John,52,16,4.3717742743762145,8,16,25,5,4,1,15,No,Yes,Books
James,25,20,3.6920167830869963,3,4,19,51,0,1,1,Yes,Yes,Games
William,54,27,4.428620418513072,2,10,27,35,4,3,11,No,No,Games
John,22,27,4.167631800022404,8,19,45,4,8,0,12,No,No,Games
Michael,43,27,4.033738422307614,9,16,31,77,3,5,19,No,Yes,Books
Michael,42,12,3.62343266691695,0,17,6,57,7,1,0,Yes,Yes,Books
Michael,37,4,3.869565355008985,8,5,46,5,2,2,9,Yes,Yes,Games
Jane,32,12,3.898166664635864,4,0,0,67,1,2,6,No,Yes,Games
Olivia,24,27,4.434277281300876,7,13,24,30,2,5,5,Yes,Yes,Games
Michael,46,26,4.229944279176206,4,19,16,89,9,4,7,No,No,Books
James,18,2,2.683892973747596,2,18,50,79,6,4,19,No,Yes,Games
John,60,20,3.6458233844478154,6,5,1,7,6,5,15,Yes,Yes,Games
William,29,0,4.5875896314481714,10,10,46,49,0,0,8,No,No,Books
Jane,22,27,1.07040148648196,6,14,25,80,9,4,14,No,No,Games
John,47,2,2.4067792542438164,2,3,45,40,4,2,6,Yes,Yes,Books
Emma,21,5,1.364272257252149,2,17,17,23,7,2,16,Yes,No,Games
William,40,27,1.853810996024365,2,13,32,64,9,3,10,No,Yes,Games
James,36,4,1.603714809737831,8,1,42,83,7,0,7,Yes,No,Books
Emma,58,23,3.5092664036367673,4,10,16,62,2,5,10,No,Yes,Games
James,57,0,4.780443626654868,7,19,38,4,10,4,17,Yes,Yes,Books
Olivia,34,14,2.9553642234179187,8,18,5,50,1,3,7,Yes,No,Books
William,21,1,4.642290786997004,0,10,40,47,7,5,1,Yes,Yes,Books
Emma,57,8,4.172819938758427,7,4,14,4,1,4,16,No,No,Games
Jane,53,12,4.405920786484211,9,17,37,35,2,4,13,No,No,Games
Olivia,38,15,2.088323270869569,2,10,17,55,9,1,7,No,Yes,Games
William,51,4,1.756181260895548,6,1,6,99,3,4,8,Yes,Yes,Games
James,30,12,2.5742960641447667,1,4,12,53,1,1,17,Yes,Yes,Books
Emma,29,20,4.384917269340462,0,0,11,41,3,1,7,Yes,No,Books
Emma,22,5,3.823003575548098,5,7,42,36,7,2,17,No,No,Games
Olivia,40,10,3.0379210606021814,3,0,22,71,2,5,17,Yes,No,Books
Michael,48,1,2.6377290792672485,4,12,24,74,1,1,18,No,No,Games
Emma,21,18,4.625828885045454,0,14,7,91,7,2,11,Yes,No,Books
Sophia,24,28,4.107875346676206,0,3,13,89,0,5,20,No,Yes,Books
Emma,35,12,2.598355074579714,8,19,19,18,3,3,4,No,Yes,Books
John,36,24,3.2342636617086846,10,14,11,73,2,4,16,Yes,No,Games
William,37,26,4.402946148797902,8,18,13,14,1,1,20,No,No,Games
James,53,29,3.7610801266651057,6,1,31,35,1,0,18,No,Yes,Games
Michael,24,25,2.489485491701328,8,3,29,16,2,4,11,Yes,No,Books
Emma,18,30,2.171172826394551,3,1,13,7,5,1,10,No,No,Games
Sophia,41,28,3.775245555592036,9,7,41,32,6,4,18,No,No,Games
James,40,4,4.004879268789978,3,14,43,79,6,1,9,Yes,Yes,Books
William,42,7,2.0232201058862196,7,20,28,27,3,5,8,Yes,No,Books
Michael,19,12,4.653715670872886,5,5,13,55,9,4,0,No,No,Games
Jane,22,30,3.709996522008109,8,7,18,12,5,0,15,No,No,Books
Olivia,35,27,3.4449046584736345,4,11,1,45,5,5,18,Yes,Yes,Games
William,22,28,1.1141301812079987,8,15,24,66,9,0,9,Yes,Yes,Games
Emma,39,12,3.470209352404138,0,2,40,59,9,1,20,Yes,Yes,Games
Jane,29,19,3.9072865007558577,6,2,45,74,1,0,0,No,Yes,Books
James,34,2,2.1681638647774815,10,17,10,97,5,3,6,Yes,Yes,Books
James,49,22,2.1793183312061433,4,10,11,7,7,5,11,No,Yes,Games
Jane,36,9,1.9079728604148163,10,15,15,45,6,3,3,Yes,No,Games
Emma,44,18,1.1708777751700334,3,7,3,18,2,3,10,No,No,Games
James,32,20,2.418882407837561,6,0,35,10,6,5,15,Yes,Yes,Books
James,54,16,1.0459011873955828,1,15,32,57,0,2,0,Yes,No,Books
John,21,1,1.6800509324151487,5,3,36,79,10,0,3,No,Yes,Games
Olivia,53,1,4.712108700252907,6,0,45,77,8,1,16,Yes,Yes,Games
Sophia,57,10,1.5624916171170278,3,4,9,66,7,4,19,No,No,Books
Sophia,45,10,1.3494784263033481,5,9,12,70,1,0,12,No,No,Games
Michael,57,1,1.111294817607908,0,18,39,60,8,0,19,No,No,Games
Olivia,43,30,1.0184756586157766,3,6,48,46,1,2,11,No,No,Games
Olivia,56,15,2.8303665505769353,10,2,30,49,8,1,2,Yes,No,Games
Olivia,31,11,1.2766510982747974,9,1,42,23,1,4,12,No,No,Books
James,27,22,2.273041949567591,0,18,35,6,6,1,13,No,No,Books
Olivia,24,10,2.228779246988576,9,4,19,39,9,0,16,Yes,Yes,Books
James,37,4,4.326021569395719,1,12,49,16,3,1,2,Yes,Yes,Games
Michael,23,15,1.5561396819896824,3,5,34,23,0,1,3,Yes,Yes,Books
Olivia,34,14,2.5493272754148557,10,5,22,15,3,3,13,Yes,Yes,Books
Jane,22,0,2.6021231475076108,5,4,40,38,3,4,20,Yes,No,Books
James,41,6,2.047231272559033,9,13,24,5,1,1,18,Yes,No,Games
Olivia,56,25,3.040894009333236,4,18,45,12,7,2,5,No,Yes,Games
John,30,2,3.9380828640254175,6,7,15,62,4,4,13,No,No,Books
Olivia,38,6,2.557902941827183,4,14,15,39,8,3,6,Yes,Yes,Books
Sophia,45,11,4.606030059632407,10,18,12,73,10,5,19,Yes,Yes,Books
Olivia,44,0,1.3032906088027003,3,11,37,14,3,4,0,Yes,Yes,Books
Emma,51,19,2.816434438351782,1,8,27,75,5,0,9,No,Yes,Games
William,19,5,4.680599237732946,1,14,23,82,9,0,20,Yes,No,Books
Olivia,54,26,3.0253269914054357,7,3,50,11,2,4,15,No,Yes,Books
Olivia,21,10,3.170632145704432,10,1,3,10,9,0,1,No,Yes,Books
Emma,60,18,1.7411054104348578,6,16,24,49,1,5,4,Yes,Yes,Games
Jane,35,25,3.758768827330417,9,19,48,16,5,3,12,Yes,No,Books
John,35,12,1.9428227356590733,2,5,12,92,7,5,5,No,No,Books
Olivia,55,7,3.6624239116173523,1,8,49,19,1,2,18,No,No,Games
James,31,21,3.147430687844576,0,12,38,84,8,2,16,No,Yes,Books
Jane,56,6,2.1297925717892867,3,19,28,40,4,2,1,No,Yes,Books
Olivia,45,13,2.57837521263722,3,9,3,9,3,2,2,No,No,Games
Jane,46,7,2.8109201258170713,2,20,47,31,1,1,4,No,No,Books
John,41,0,2.550151806632859,8,9,41,21,7,0,1,Yes,Yes,Games
John,37,11,1.5971772514041458,6,10,45,29,5,2,10,Yes,No,Games
Jane,50,8,2.1005842503844314,10,1,48,82,0,1,5,Yes,No,Books
James,19,22,3.6815429763241387,3,16,9,23,5,3,15,No,Yes,Books
James,30,27,3.241151840488504,10,12,30,93,6,2,7,No,Yes,Books
John,35,17,1.918733358432236,9,15,28,18,0,0,11,Yes,No,Games
John,50,29,4.307117673227076,3,14,35,48,10,1,13,No,Yes,Books
Emma,57,8,3.338957813316388,5,17,15,86,3,1,9,No,No,Books
James,18,30,4.796582492032757,9,9,23,55,3,2,1,Yes,No,Books
Emma,19,9,1.5414862645972751,2,7,37,10,9,1,0,Yes,No,Books
Olivia,33,22,2.146812709172269,4,9,45,84,8,5,17,No,Yes,Books
Emma,51,21,3.128166586262989,2,2,30,45,8,2,12,No,Yes,Games
Michael,34,20,3.1311520554835766,10,7,48,93,5,3,2,Yes,Yes,Games
William,42,3,3.797800591482084,0,3,32,36,8,3,13,Yes,No,Games
Jane,22,13,2.9689825474522284,6,1,5,21,10,1,6,No,Yes,Books
Michael,32,15,4.4557054809663095,5,8,5,12,10,4,11,No,Yes,Games
Sophia,38,9,1.4441022598568578,9,0,16,54,7,3,19,No,Yes,Games
